"nom_variable";"annee";"libelle";"type.d.indicateur";"flottille";"metier";"espece";"indicateur";"unite";"remarques"
"v__nbv_f";"1984";"Nombre de navires par flottille";"caractéristiques techniques cumulées";"f__Antea";"";"";"36";"nombre";"FPC"
"v__nbv_f_m";"1984";"Nombre de navire par flottille - métier";"caractéristiques techniques cumulées";"f__Antea";"m__Chalut_fond_DP";"";"36";"nombre";"FPC + sacrois"
"v__nbv_f_m";"1984";"Nombre de navire par flottille - métier";"caractéristiques techniques cumulées";"f__Antea";"m__Chalut_fond_GLY";"";"36";"nombre";"FPC + sacrois"
"v__kW_f";"1984";"kW total flottille";"caractéristiques techniques cumulées";"f__Antea";"";"";"588";"nombre";"FPC"
"v__GT_f";"1984";"GT total flottille";"caractéristiques techniques cumulées";"f__Antea";"";"";"40300";"nombre";"FPC"
"v__cnb_f";"1984";"Effectif moyen par navire d'une flottille";"caractéristiques techniques moyennes";"f__Antea";"";"";"6.42";"nombre";"FPC + activité"
"v__cnb_f_m";"1984";"Effectif moyen par navire d'une flottille - métier";"caractéristiques techniques moyennes";"f__Antea";"m__Chalut_fond_DP";"";"6.42";"nombre";"FPC + activité + sacrois"
"v__cnb_f_m";"1984";"Effectif moyen par navire d'une flottille - métier";"caractéristiques techniques moyennes";"f__Antea";"m__Chalut_fond_GLY";"";"6.42";"nombre";"FPC + activité + sacrois"
"v__FTE_f";"1984";"ETP par navire d'une flottille";"caractéristiques techniques moyennes";"f__Antea";"";"";"8.55144";"nombre";"FPC + activité"
"v__FTE_f_m";"1984";"ETP par navire d'une flottille - métier";"caractéristiques techniques moyennes";"f__Antea";"m__Chalut_fond_DP";"";"3.68330174949751";"nombre";"FPC + activité + sacrois"
"v__FTE_f_m";"1984";"ETP par navire d'une flottille - métier";"caractéristiques techniques moyennes";"f__Antea";"m__Chalut_fond_GLY";"";"4.86813825050249";"nombre";"FPC + activité + sacrois"
"v__nbds_f";"1984";"Nombre moyen de Jours de Mer par navire d'une flottille par an";"activité";"f__Antea";"";"";"333";"jours";"sacrois"
"v__nbds_f_m";"1984";"Nombre moyen de Jours de Mer par navire d'une flottille - métier par an";"activité";"f__Antea";"m__Chalut_fond_DP";"";"143.430753485106";"jours";"sacrois"
"v__nbds_f_m";"1984";"Nombre moyen de Jours de Mer par navire d'une flottille - métier par an";"activité";"f__Antea";"m__Chalut_fond_GLY";"";"189.569246514894";"jours";"sacrois"
"v__nbTrip_f";"1984";"Nombre moyen de Marées par navire d'une flottille par an";"activité";"f__Antea";"";"";"30";"marees";"sacrois"
"v__nbTrip_f_m";"1984";"Nombre moyen de Marées par navire d'une flottille - métier par an";"activité";"f__Antea";"m__Chalut_fond_DP";"";"28";"marees";"sacrois"
"v__nbTrip_f_m";"1984";"Nombre moyen de Marées par navire d'une flottille - métier par an";"activité";"f__Antea";"m__Chalut_fond_GLY";"";"23";"marees";"sacrois"
"v__tripLgth_f";"1984";"Durée moyenne d'une marée par navire d'une flottille par an";"activité";"f__Antea";"";"";"255.327826086957";"heures";"sacrois"
"v__tripLgth_f_m";"1984";"Durée moyenne d'une marée par navire d'une flottille - métier par an";"activité";"f__Antea";"m__Chalut_fond_DP";"";"118.257481953648";"heures";"sacrois"
"v__tripLgth_f_m";"1984";"Durée moyenne d'une marée par navire d'une flottille - métier par an";"activité";"f__Antea";"m__Chalut_fond_GLY";"";"189.070664691589";"heures";"sacrois"
"v__Lref_f";"1984";"Débarquements de référence par flottille";"Production";"f__Antea";"";"";"35047.59444";"tonnes/an";"Sacrois"
"v__Lref_f_m";"1984";"Débarquements de référence par flottille - métier";"Production";"f__Antea";"m__Chalut_fond_DP";"";"12023.07336";"tonnes/an";"Sacrois"
"v__Lref_f_m";"1984";"Débarquements de référence par flottille - métier";"Production";"f__Antea";"m__Chalut_fond_GLY";"";"23024.52108";"tonnes/an";"Sacrois"
"v__Lref_f_e";"1984";"Débarquements de référence esp modélisée par flottille";"Production";"f__Antea";"";"e__COR";"0";"tonnes/an";"Sacrois"
"v__Lref_f_e";"1984";"Débarquements de référence esp modélisée par flottille";"Production";"f__Antea";"";"e__GAR";"0";"tonnes/an";"Sacrois"
"v__Lref_f_e";"1984";"Débarquements de référence esp modélisée par flottille";"Production";"f__Antea";"";"e__ARC";"0";"tonnes/an";"Sacrois"
"v__Lref_f_e";"1984";"Débarquements de référence esp modélisée par flottille";"Production";"f__Antea";"";"e__DAR";"6407.8416";"tonnes/an";"Sacrois"
"v__Lref_f_e";"1984";"Débarquements de référence esp modélisée par flottille";"Production";"f__Antea";"";"e__GLY";"282.8952";"tonnes/an";"Sacrois"
"v__Lref_f_e";"1984";"Débarquements de référence esp modélisée par flottille";"Production";"f__Antea";"";"e__HER";"54.14328";"tonnes/an";"Sacrois"
"v__Lref_f_e";"1984";"Débarquements de référence esp modélisée par flottille";"Production";"f__Antea";"";"e__MAH";"0";"tonnes/an";"Sacrois"
"v__Lref_f_e";"1984";"Débarquements de référence esp modélisée par flottille";"Production";"f__Antea";"";"e__DOR";"0";"tonnes/an";"Sacrois"
"v__Lref_f_e";"1984";"Débarquements de référence esp modélisée par flottille";"Production";"f__Antea";"";"e__PAV";"0";"tonnes/an";"Sacrois"
"v__Lref_f_e";"1984";"Débarquements de référence esp modélisée par flottille";"Production";"f__Antea";"";"e__INO";"0";"tonnes/an";"Sacrois"
"v__Lref_f_e";"1984";"Débarquements de référence esp modélisée par flottille";"Production";"f__Antea";"";"e__TUL";"0";"tonnes/an";"Sacrois"
"v__Lref_f_e";"1984";"Débarquements de référence esp modélisée par flottille";"Production";"f__Antea";"";"e__PAM";"0";"tonnes/an";"Sacrois"
"v__Lref_f_e";"1984";"Débarquements de référence esp modélisée par flottille";"Production";"f__Antea";"";"e__MON";"0.00108";"tonnes/an";"Sacrois"
"v__Lref_f_e";"1984";"Débarquements de référence esp modélisée par flottille";"Production";"f__Antea";"";"e__OED";"0.34884";"tonnes/an";"Sacrois"
"v__Lref_f_e";"1984";"Débarquements de référence esp modélisée par flottille";"Production";"f__Antea";"";"e__HAY";"0";"tonnes/an";"Sacrois"
"v__Lref_f_e";"1984";"Débarquements de référence esp modélisée par flottille";"Production";"f__Antea";"";"e__FET";"0";"tonnes/an";"Sacrois"
"v__Lref_f_e";"1984";"Débarquements de référence esp modélisée par flottille";"Production";"f__Antea";"";"e__RHO";"0";"tonnes/an";"Sacrois"
"v__Lref_f_e";"1984";"Débarquements de référence esp modélisée par flottille";"Production";"f__Antea";"";"e__IPH";"0";"tonnes/an";"Sacrois"
"v__Lref_f_e";"1984";"Débarquements de référence esp modélisée par flottille";"Production";"f__Antea";"";"e__THY";"114.31548";"tonnes/an";"Sacrois"
"v__Lref_f_e";"1984";"Débarquements de référence esp modélisée par flottille";"Production";"f__Antea";"";"e__OCH";"0";"tonnes/an";"Sacrois"
"v__Lref_f_e";"1984";"Débarquements de référence esp modélisée par flottille";"Production";"f__Antea";"";"e__VAU";"0";"tonnes/an";"Sacrois"
"v__Lref_f_e";"1984";"Débarquements de référence esp modélisée par flottille";"Production";"f__Antea";"";"e__ZZZ";"28188.04896";"tonnes/an";"Sacrois"
"v__Lref_f_m_e";"1984";"Débarquements de référence esp modélisée par flottille - métier";"Production";"f__Antea";"m__Chalut_fond_DP";"e__COR";"0";"tonnes/an";"Sacrois"
"v__Lref_f_m_e";"1984";"Débarquements de référence esp modélisée par flottille - métier";"Production";"f__Antea";"m__Chalut_fond_DP";"e__GAR";"0";"tonnes/an";"Sacrois"
"v__Lref_f_m_e";"1984";"Débarquements de référence esp modélisée par flottille - métier";"Production";"f__Antea";"m__Chalut_fond_DP";"e__ARC";"0";"tonnes/an";"Sacrois"
"v__Lref_f_m_e";"1984";"Débarquements de référence esp modélisée par flottille - métier";"Production";"f__Antea";"m__Chalut_fond_DP";"e__DAR";"2657.322";"tonnes/an";"Sacrois"
"v__Lref_f_m_e";"1984";"Débarquements de référence esp modélisée par flottille - métier";"Production";"f__Antea";"m__Chalut_fond_DP";"e__GLY";"184.27968";"tonnes/an";"Sacrois"
"v__Lref_f_m_e";"1984";"Débarquements de référence esp modélisée par flottille - métier";"Production";"f__Antea";"m__Chalut_fond_DP";"e__HER";"53.90064";"tonnes/an";"Sacrois"
"v__Lref_f_m_e";"1984";"Débarquements de référence esp modélisée par flottille - métier";"Production";"f__Antea";"m__Chalut_fond_DP";"e__MAH";"0";"tonnes/an";"Sacrois"
"v__Lref_f_m_e";"1984";"Débarquements de référence esp modélisée par flottille - métier";"Production";"f__Antea";"m__Chalut_fond_DP";"e__DOR";"0";"tonnes/an";"Sacrois"
"v__Lref_f_m_e";"1984";"Débarquements de référence esp modélisée par flottille - métier";"Production";"f__Antea";"m__Chalut_fond_DP";"e__PAV";"0";"tonnes/an";"Sacrois"
"v__Lref_f_m_e";"1984";"Débarquements de référence esp modélisée par flottille - métier";"Production";"f__Antea";"m__Chalut_fond_DP";"e__INO";"0";"tonnes/an";"Sacrois"
"v__Lref_f_m_e";"1984";"Débarquements de référence esp modélisée par flottille - métier";"Production";"f__Antea";"m__Chalut_fond_DP";"e__TUL";"0";"tonnes/an";"Sacrois"
"v__Lref_f_m_e";"1984";"Débarquements de référence esp modélisée par flottille - métier";"Production";"f__Antea";"m__Chalut_fond_DP";"e__PAM";"0";"tonnes/an";"Sacrois"
"v__Lref_f_m_e";"1984";"Débarquements de référence esp modélisée par flottille - métier";"Production";"f__Antea";"m__Chalut_fond_DP";"e__MON";"0";"tonnes/an";"Sacrois"
"v__Lref_f_m_e";"1984";"Débarquements de référence esp modélisée par flottille - métier";"Production";"f__Antea";"m__Chalut_fond_DP";"e__OED";"0";"tonnes/an";"Sacrois"
"v__Lref_f_m_e";"1984";"Débarquements de référence esp modélisée par flottille - métier";"Production";"f__Antea";"m__Chalut_fond_DP";"e__HAY";"0";"tonnes/an";"Sacrois"
"v__Lref_f_m_e";"1984";"Débarquements de référence esp modélisée par flottille - métier";"Production";"f__Antea";"m__Chalut_fond_DP";"e__FET";"0";"tonnes/an";"Sacrois"
"v__Lref_f_m_e";"1984";"Débarquements de référence esp modélisée par flottille - métier";"Production";"f__Antea";"m__Chalut_fond_DP";"e__RHO";"0";"tonnes/an";"Sacrois"
"v__Lref_f_m_e";"1984";"Débarquements de référence esp modélisée par flottille - métier";"Production";"f__Antea";"m__Chalut_fond_DP";"e__IPH";"0";"tonnes/an";"Sacrois"
"v__Lref_f_m_e";"1984";"Débarquements de référence esp modélisée par flottille - métier";"Production";"f__Antea";"m__Chalut_fond_DP";"e__THY";"27.46404";"tonnes/an";"Sacrois"
"v__Lref_f_m_e";"1984";"Débarquements de référence esp modélisée par flottille - métier";"Production";"f__Antea";"m__Chalut_fond_DP";"e__OCH";"0";"tonnes/an";"Sacrois"
"v__Lref_f_m_e";"1984";"Débarquements de référence esp modélisée par flottille - métier";"Production";"f__Antea";"m__Chalut_fond_DP";"e__VAU";"0";"tonnes/an";"Sacrois"
"v__Lref_f_m_e";"1984";"Débarquements de référence esp modélisée par flottille - métier";"Production";"f__Antea";"m__Chalut_fond_DP";"e__ZZZ";"9100.107";"tonnes/an";"Sacrois"
"v__Lref_f_m_e";"1984";"Débarquements de référence esp modélisée par flottille - métier";"Production";"f__Antea";"m__Chalut_fond_GLY";"e__COR";"0";"tonnes/an";"Sacrois"
"v__Lref_f_m_e";"1984";"Débarquements de référence esp modélisée par flottille - métier";"Production";"f__Antea";"m__Chalut_fond_GLY";"e__GAR";"0";"tonnes/an";"Sacrois"
"v__Lref_f_m_e";"1984";"Débarquements de référence esp modélisée par flottille - métier";"Production";"f__Antea";"m__Chalut_fond_GLY";"e__ARC";"0";"tonnes/an";"Sacrois"
"v__Lref_f_m_e";"1984";"Débarquements de référence esp modélisée par flottille - métier";"Production";"f__Antea";"m__Chalut_fond_GLY";"e__DAR";"3750.5196";"tonnes/an";"Sacrois"
"v__Lref_f_m_e";"1984";"Débarquements de référence esp modélisée par flottille - métier";"Production";"f__Antea";"m__Chalut_fond_GLY";"e__GLY";"98.61552";"tonnes/an";"Sacrois"
"v__Lref_f_m_e";"1984";"Débarquements de référence esp modélisée par flottille - métier";"Production";"f__Antea";"m__Chalut_fond_GLY";"e__HER";"0.24264";"tonnes/an";"Sacrois"
"v__Lref_f_m_e";"1984";"Débarquements de référence esp modélisée par flottille - métier";"Production";"f__Antea";"m__Chalut_fond_GLY";"e__MAH";"0";"tonnes/an";"Sacrois"
"v__Lref_f_m_e";"1984";"Débarquements de référence esp modélisée par flottille - métier";"Production";"f__Antea";"m__Chalut_fond_GLY";"e__DOR";"0";"tonnes/an";"Sacrois"
"v__Lref_f_m_e";"1984";"Débarquements de référence esp modélisée par flottille - métier";"Production";"f__Antea";"m__Chalut_fond_GLY";"e__PAV";"0";"tonnes/an";"Sacrois"
"v__Lref_f_m_e";"1984";"Débarquements de référence esp modélisée par flottille - métier";"Production";"f__Antea";"m__Chalut_fond_GLY";"e__INO";"0";"tonnes/an";"Sacrois"
"v__Lref_f_m_e";"1984";"Débarquements de référence esp modélisée par flottille - métier";"Production";"f__Antea";"m__Chalut_fond_GLY";"e__TUL";"0";"tonnes/an";"Sacrois"
"v__Lref_f_m_e";"1984";"Débarquements de référence esp modélisée par flottille - métier";"Production";"f__Antea";"m__Chalut_fond_GLY";"e__PAM";"0";"tonnes/an";"Sacrois"
"v__Lref_f_m_e";"1984";"Débarquements de référence esp modélisée par flottille - métier";"Production";"f__Antea";"m__Chalut_fond_GLY";"e__MON";"0.00108";"tonnes/an";"Sacrois"
"v__Lref_f_m_e";"1984";"Débarquements de référence esp modélisée par flottille - métier";"Production";"f__Antea";"m__Chalut_fond_GLY";"e__OED";"0.34884";"tonnes/an";"Sacrois"
"v__Lref_f_m_e";"1984";"Débarquements de référence esp modélisée par flottille - métier";"Production";"f__Antea";"m__Chalut_fond_GLY";"e__HAY";"0";"tonnes/an";"Sacrois"
"v__Lref_f_m_e";"1984";"Débarquements de référence esp modélisée par flottille - métier";"Production";"f__Antea";"m__Chalut_fond_GLY";"e__FET";"0";"tonnes/an";"Sacrois"
"v__Lref_f_m_e";"1984";"Débarquements de référence esp modélisée par flottille - métier";"Production";"f__Antea";"m__Chalut_fond_GLY";"e__RHO";"0";"tonnes/an";"Sacrois"
"v__Lref_f_m_e";"1984";"Débarquements de référence esp modélisée par flottille - métier";"Production";"f__Antea";"m__Chalut_fond_GLY";"e__IPH";"0";"tonnes/an";"Sacrois"
"v__Lref_f_m_e";"1984";"Débarquements de référence esp modélisée par flottille - métier";"Production";"f__Antea";"m__Chalut_fond_GLY";"e__THY";"86.85144";"tonnes/an";"Sacrois"
"v__Lref_f_m_e";"1984";"Débarquements de référence esp modélisée par flottille - métier";"Production";"f__Antea";"m__Chalut_fond_GLY";"e__OCH";"0";"tonnes/an";"Sacrois"
"v__Lref_f_m_e";"1984";"Débarquements de référence esp modélisée par flottille - métier";"Production";"f__Antea";"m__Chalut_fond_GLY";"e__VAU";"0";"tonnes/an";"Sacrois"
"v__Lref_f_m_e";"1984";"Débarquements de référence esp modélisée par flottille - métier";"Production";"f__Antea";"m__Chalut_fond_GLY";"e__ZZZ";"19087.94196";"tonnes/an";"Sacrois"
"v__GVLref_f";"1984";"CA moyen initial par navire d'une flottille";"CA";"f__Antea";"";"";"89251841.88";"€/an";"Sacrois"
"v__GVLref_f_m";"1984";"CA moyen initial par navire d'une flottille - métier";"CA";"f__Antea";"m__Chalut_fond_DP";"";"29355760.8";"€/an";"Sacrois"
"v__GVLref_f_m";"1984";"CA moyen initial par navire d'une flottille - métier";"CA";"f__Antea";"m__Chalut_fond_GLY";"";"59896081.08";"€/an";"Sacrois"
"v__GVLref_f_e";"1984";"CA moyen esp modélisée initial par navire d'une flottille";"CA";"f__Antea";"";"e__COR";"0";"€/an";"Sacrois"
"v__GVLref_f_e";"1984";"CA moyen esp modélisée initial par navire d'une flottille";"CA";"f__Antea";"";"e__GAR";"0";"€/an";"Sacrois"
"v__GVLref_f_e";"1984";"CA moyen esp modélisée initial par navire d'une flottille";"CA";"f__Antea";"";"e__ARC";"0";"€/an";"Sacrois"
"v__GVLref_f_e";"1984";"CA moyen esp modélisée initial par navire d'une flottille";"CA";"f__Antea";"";"e__DAR";"12718310.4";"€/an";"Sacrois"
"v__GVLref_f_e";"1984";"CA moyen esp modélisée initial par navire d'une flottille";"CA";"f__Antea";"";"e__GLY";"1121566.32";"€/an";"Sacrois"
"v__GVLref_f_e";"1984";"CA moyen esp modélisée initial par navire d'une flottille";"CA";"f__Antea";"";"e__HER";"104375.16";"€/an";"Sacrois"
"v__GVLref_f_e";"1984";"CA moyen esp modélisée initial par navire d'une flottille";"CA";"f__Antea";"";"e__MAH";"0";"€/an";"Sacrois"
"v__GVLref_f_e";"1984";"CA moyen esp modélisée initial par navire d'une flottille";"CA";"f__Antea";"";"e__DOR";"0";"€/an";"Sacrois"
"v__GVLref_f_e";"1984";"CA moyen esp modélisée initial par navire d'une flottille";"CA";"f__Antea";"";"e__PAV";"0";"€/an";"Sacrois"
"v__GVLref_f_e";"1984";"CA moyen esp modélisée initial par navire d'une flottille";"CA";"f__Antea";"";"e__INO";"0";"€/an";"Sacrois"
"v__GVLref_f_e";"1984";"CA moyen esp modélisée initial par navire d'une flottille";"CA";"f__Antea";"";"e__TUL";"0";"€/an";"Sacrois"
"v__GVLref_f_e";"1984";"CA moyen esp modélisée initial par navire d'une flottille";"CA";"f__Antea";"";"e__PAM";"0";"€/an";"Sacrois"
"v__GVLref_f_e";"1984";"CA moyen esp modélisée initial par navire d'une flottille";"CA";"f__Antea";"";"e__MON";"1.08";"€/an";"Sacrois"
"v__GVLref_f_e";"1984";"CA moyen esp modélisée initial par navire d'une flottille";"CA";"f__Antea";"";"e__OED";"546.12";"€/an";"Sacrois"
"v__GVLref_f_e";"1984";"CA moyen esp modélisée initial par navire d'une flottille";"CA";"f__Antea";"";"e__HAY";"0";"€/an";"Sacrois"
"v__GVLref_f_e";"1984";"CA moyen esp modélisée initial par navire d'une flottille";"CA";"f__Antea";"";"e__FET";"0";"€/an";"Sacrois"
"v__GVLref_f_e";"1984";"CA moyen esp modélisée initial par navire d'une flottille";"CA";"f__Antea";"";"e__RHO";"0";"€/an";"Sacrois"
"v__GVLref_f_e";"1984";"CA moyen esp modélisée initial par navire d'une flottille";"CA";"f__Antea";"";"e__IPH";"0";"€/an";"Sacrois"
"v__GVLref_f_e";"1984";"CA moyen esp modélisée initial par navire d'une flottille";"CA";"f__Antea";"";"e__THY";"93299.76";"€/an";"Sacrois"
"v__GVLref_f_e";"1984";"CA moyen esp modélisée initial par navire d'une flottille";"CA";"f__Antea";"";"e__OCH";"0";"€/an";"Sacrois"
"v__GVLref_f_e";"1984";"CA moyen esp modélisée initial par navire d'une flottille";"CA";"f__Antea";"";"e__VAU";"0";"€/an";"Sacrois"
"v__GVLref_f_e";"1984";"CA moyen esp modélisée initial par navire d'une flottille";"CA";"f__Antea";"";"e__ZZZ";"75213743.04";"€/an";"Sacrois"
"v__GVLref_f_m_e";"1984";"CA moyen esp modélisée initial par navire d'une flottille - métier";"CA";"f__Antea";"m__Chalut_fond_DP";"e__COR";"0";"€/an";"Sacrois"
"v__GVLref_f_m_e";"1984";"CA moyen esp modélisée initial par navire d'une flottille - métier";"CA";"f__Antea";"m__Chalut_fond_DP";"e__GAR";"0";"€/an";"Sacrois"
"v__GVLref_f_m_e";"1984";"CA moyen esp modélisée initial par navire d'une flottille - métier";"CA";"f__Antea";"m__Chalut_fond_DP";"e__ARC";"0";"€/an";"Sacrois"
"v__GVLref_f_m_e";"1984";"CA moyen esp modélisée initial par navire d'une flottille - métier";"CA";"f__Antea";"m__Chalut_fond_DP";"e__DAR";"5942407.32";"€/an";"Sacrois"
"v__GVLref_f_m_e";"1984";"CA moyen esp modélisée initial par navire d'une flottille - métier";"CA";"f__Antea";"m__Chalut_fond_DP";"e__GLY";"730910.16";"€/an";"Sacrois"
"v__GVLref_f_m_e";"1984";"CA moyen esp modélisée initial par navire d'une flottille - métier";"CA";"f__Antea";"m__Chalut_fond_DP";"e__HER";"103759.56";"€/an";"Sacrois"
"v__GVLref_f_m_e";"1984";"CA moyen esp modélisée initial par navire d'une flottille - métier";"CA";"f__Antea";"m__Chalut_fond_DP";"e__MAH";"0";"€/an";"Sacrois"
"v__GVLref_f_m_e";"1984";"CA moyen esp modélisée initial par navire d'une flottille - métier";"CA";"f__Antea";"m__Chalut_fond_DP";"e__DOR";"0";"€/an";"Sacrois"
"v__GVLref_f_m_e";"1984";"CA moyen esp modélisée initial par navire d'une flottille - métier";"CA";"f__Antea";"m__Chalut_fond_DP";"e__PAV";"0";"€/an";"Sacrois"
"v__GVLref_f_m_e";"1984";"CA moyen esp modélisée initial par navire d'une flottille - métier";"CA";"f__Antea";"m__Chalut_fond_DP";"e__INO";"0";"€/an";"Sacrois"
"v__GVLref_f_m_e";"1984";"CA moyen esp modélisée initial par navire d'une flottille - métier";"CA";"f__Antea";"m__Chalut_fond_DP";"e__TUL";"0";"€/an";"Sacrois"
"v__GVLref_f_m_e";"1984";"CA moyen esp modélisée initial par navire d'une flottille - métier";"CA";"f__Antea";"m__Chalut_fond_DP";"e__PAM";"0";"€/an";"Sacrois"
"v__GVLref_f_m_e";"1984";"CA moyen esp modélisée initial par navire d'une flottille - métier";"CA";"f__Antea";"m__Chalut_fond_DP";"e__MON";"0";"€/an";"Sacrois"
"v__GVLref_f_m_e";"1984";"CA moyen esp modélisée initial par navire d'une flottille - métier";"CA";"f__Antea";"m__Chalut_fond_DP";"e__OED";"0";"€/an";"Sacrois"
"v__GVLref_f_m_e";"1984";"CA moyen esp modélisée initial par navire d'une flottille - métier";"CA";"f__Antea";"m__Chalut_fond_DP";"e__HAY";"0";"€/an";"Sacrois"
"v__GVLref_f_m_e";"1984";"CA moyen esp modélisée initial par navire d'une flottille - métier";"CA";"f__Antea";"m__Chalut_fond_DP";"e__FET";"0";"€/an";"Sacrois"
"v__GVLref_f_m_e";"1984";"CA moyen esp modélisée initial par navire d'une flottille - métier";"CA";"f__Antea";"m__Chalut_fond_DP";"e__RHO";"0";"€/an";"Sacrois"
"v__GVLref_f_m_e";"1984";"CA moyen esp modélisée initial par navire d'une flottille - métier";"CA";"f__Antea";"m__Chalut_fond_DP";"e__IPH";"0";"€/an";"Sacrois"
"v__GVLref_f_m_e";"1984";"CA moyen esp modélisée initial par navire d'une flottille - métier";"CA";"f__Antea";"m__Chalut_fond_DP";"e__THY";"23172.84";"€/an";"Sacrois"
"v__GVLref_f_m_e";"1984";"CA moyen esp modélisée initial par navire d'une flottille - métier";"CA";"f__Antea";"m__Chalut_fond_DP";"e__OCH";"0";"€/an";"Sacrois"
"v__GVLref_f_m_e";"1984";"CA moyen esp modélisée initial par navire d'une flottille - métier";"CA";"f__Antea";"m__Chalut_fond_DP";"e__VAU";"0";"€/an";"Sacrois"
"v__GVLref_f_m_e";"1984";"CA moyen esp modélisée initial par navire d'une flottille - métier";"CA";"f__Antea";"m__Chalut_fond_DP";"e__ZZZ";"22555510.92";"€/an";"Sacrois"
"v__GVLref_f_m_e";"1984";"CA moyen esp modélisée initial par navire d'une flottille - métier";"CA";"f__Antea";"m__Chalut_fond_GLY";"e__COR";"0";"€/an";"Sacrois"
"v__GVLref_f_m_e";"1984";"CA moyen esp modélisée initial par navire d'une flottille - métier";"CA";"f__Antea";"m__Chalut_fond_GLY";"e__GAR";"0";"€/an";"Sacrois"
"v__GVLref_f_m_e";"1984";"CA moyen esp modélisée initial par navire d'une flottille - métier";"CA";"f__Antea";"m__Chalut_fond_GLY";"e__ARC";"0";"€/an";"Sacrois"
"v__GVLref_f_m_e";"1984";"CA moyen esp modélisée initial par navire d'une flottille - métier";"CA";"f__Antea";"m__Chalut_fond_GLY";"e__DAR";"6775903.08";"€/an";"Sacrois"
"v__GVLref_f_m_e";"1984";"CA moyen esp modélisée initial par navire d'une flottille - métier";"CA";"f__Antea";"m__Chalut_fond_GLY";"e__GLY";"390656.16";"€/an";"Sacrois"
"v__GVLref_f_m_e";"1984";"CA moyen esp modélisée initial par navire d'une flottille - métier";"CA";"f__Antea";"m__Chalut_fond_GLY";"e__HER";"615.6";"€/an";"Sacrois"
"v__GVLref_f_m_e";"1984";"CA moyen esp modélisée initial par navire d'une flottille - métier";"CA";"f__Antea";"m__Chalut_fond_GLY";"e__MAH";"0";"€/an";"Sacrois"
"v__GVLref_f_m_e";"1984";"CA moyen esp modélisée initial par navire d'une flottille - métier";"CA";"f__Antea";"m__Chalut_fond_GLY";"e__DOR";"0";"€/an";"Sacrois"
"v__GVLref_f_m_e";"1984";"CA moyen esp modélisée initial par navire d'une flottille - métier";"CA";"f__Antea";"m__Chalut_fond_GLY";"e__PAV";"0";"€/an";"Sacrois"
"v__GVLref_f_m_e";"1984";"CA moyen esp modélisée initial par navire d'une flottille - métier";"CA";"f__Antea";"m__Chalut_fond_GLY";"e__INO";"0";"€/an";"Sacrois"
"v__GVLref_f_m_e";"1984";"CA moyen esp modélisée initial par navire d'une flottille - métier";"CA";"f__Antea";"m__Chalut_fond_GLY";"e__TUL";"0";"€/an";"Sacrois"
"v__GVLref_f_m_e";"1984";"CA moyen esp modélisée initial par navire d'une flottille - métier";"CA";"f__Antea";"m__Chalut_fond_GLY";"e__PAM";"0";"€/an";"Sacrois"
"v__GVLref_f_m_e";"1984";"CA moyen esp modélisée initial par navire d'une flottille - métier";"CA";"f__Antea";"m__Chalut_fond_GLY";"e__MON";"1.08";"€/an";"Sacrois"
"v__GVLref_f_m_e";"1984";"CA moyen esp modélisée initial par navire d'une flottille - métier";"CA";"f__Antea";"m__Chalut_fond_GLY";"e__OED";"546.12";"€/an";"Sacrois"
"v__GVLref_f_m_e";"1984";"CA moyen esp modélisée initial par navire d'une flottille - métier";"CA";"f__Antea";"m__Chalut_fond_GLY";"e__HAY";"0";"€/an";"Sacrois"
"v__GVLref_f_m_e";"1984";"CA moyen esp modélisée initial par navire d'une flottille - métier";"CA";"f__Antea";"m__Chalut_fond_GLY";"e__FET";"0";"€/an";"Sacrois"
"v__GVLref_f_m_e";"1984";"CA moyen esp modélisée initial par navire d'une flottille - métier";"CA";"f__Antea";"m__Chalut_fond_GLY";"e__RHO";"0";"€/an";"Sacrois"
"v__GVLref_f_m_e";"1984";"CA moyen esp modélisée initial par navire d'une flottille - métier";"CA";"f__Antea";"m__Chalut_fond_GLY";"e__IPH";"0";"€/an";"Sacrois"
"v__GVLref_f_m_e";"1984";"CA moyen esp modélisée initial par navire d'une flottille - métier";"CA";"f__Antea";"m__Chalut_fond_GLY";"e__THY";"70126.92";"€/an";"Sacrois"
"v__GVLref_f_m_e";"1984";"CA moyen esp modélisée initial par navire d'une flottille - métier";"CA";"f__Antea";"m__Chalut_fond_GLY";"e__OCH";"0";"€/an";"Sacrois"
"v__GVLref_f_m_e";"1984";"CA moyen esp modélisée initial par navire d'une flottille - métier";"CA";"f__Antea";"m__Chalut_fond_GLY";"e__VAU";"0";"€/an";"Sacrois"
"v__GVLref_f_m_e";"1984";"CA moyen esp modélisée initial par navire d'une flottille - métier";"CA";"f__Antea";"m__Chalut_fond_GLY";"e__ZZZ";"52658232.12";"€/an";"Sacrois"
"v__LPUE_f_m_e";"1984";"LPUE moyen esp modélisée initial par navire d'une flottille - métier";"Production";"f__Antea";"m__Chalut_fond_DP";"e__COR";"0";"kg/unite effort 1*2";"Sacrois"
"v__LPUE_f_m_e";"1984";"LPUE moyen esp modélisée initial par navire d'une flottille - métier";"Production";"f__Antea";"m__Chalut_fond_DP";"e__GAR";"0";"kg/unite effort 1*2";"Sacrois"
"v__LPUE_f_m_e";"1984";"LPUE moyen esp modélisée initial par navire d'une flottille - métier";"Production";"f__Antea";"m__Chalut_fond_DP";"e__ARC";"0";"kg/unite effort 1*2";"Sacrois"
"v__LPUE_f_m_e";"1984";"LPUE moyen esp modélisée initial par navire d'une flottille - métier";"Production";"f__Antea";"m__Chalut_fond_DP";"e__DAR";"22.2923074236473";"kg/unite effort 1*2";"Sacrois"
"v__LPUE_f_m_e";"1984";"LPUE moyen esp modélisée initial par navire d'une flottille - métier";"Production";"f__Antea";"m__Chalut_fond_DP";"e__GLY";"1.54592453548774";"kg/unite effort 1*2";"Sacrois"
"v__LPUE_f_m_e";"1984";"LPUE moyen esp modélisée initial par navire d'une flottille - métier";"Production";"f__Antea";"m__Chalut_fond_DP";"e__HER";"0.452173141686006";"kg/unite effort 1*2";"Sacrois"
"v__LPUE_f_m_e";"1984";"LPUE moyen esp modélisée initial par navire d'une flottille - métier";"Production";"f__Antea";"m__Chalut_fond_DP";"e__MAH";"0";"kg/unite effort 1*2";"Sacrois"
"v__LPUE_f_m_e";"1984";"LPUE moyen esp modélisée initial par navire d'une flottille - métier";"Production";"f__Antea";"m__Chalut_fond_DP";"e__DOR";"0";"kg/unite effort 1*2";"Sacrois"
"v__LPUE_f_m_e";"1984";"LPUE moyen esp modélisée initial par navire d'une flottille - métier";"Production";"f__Antea";"m__Chalut_fond_DP";"e__PAV";"0";"kg/unite effort 1*2";"Sacrois"
"v__LPUE_f_m_e";"1984";"LPUE moyen esp modélisée initial par navire d'une flottille - métier";"Production";"f__Antea";"m__Chalut_fond_DP";"e__INO";"0";"kg/unite effort 1*2";"Sacrois"
"v__LPUE_f_m_e";"1984";"LPUE moyen esp modélisée initial par navire d'une flottille - métier";"Production";"f__Antea";"m__Chalut_fond_DP";"e__TUL";"0";"kg/unite effort 1*2";"Sacrois"
"v__LPUE_f_m_e";"1984";"LPUE moyen esp modélisée initial par navire d'une flottille - métier";"Production";"f__Antea";"m__Chalut_fond_DP";"e__PAM";"0";"kg/unite effort 1*2";"Sacrois"
"v__LPUE_f_m_e";"1984";"LPUE moyen esp modélisée initial par navire d'une flottille - métier";"Production";"f__Antea";"m__Chalut_fond_DP";"e__MON";"0";"kg/unite effort 1*2";"Sacrois"
"v__LPUE_f_m_e";"1984";"LPUE moyen esp modélisée initial par navire d'une flottille - métier";"Production";"f__Antea";"m__Chalut_fond_DP";"e__OED";"0";"kg/unite effort 1*2";"Sacrois"
"v__LPUE_f_m_e";"1984";"LPUE moyen esp modélisée initial par navire d'une flottille - métier";"Production";"f__Antea";"m__Chalut_fond_DP";"e__HAY";"0";"kg/unite effort 1*2";"Sacrois"
"v__LPUE_f_m_e";"1984";"LPUE moyen esp modélisée initial par navire d'une flottille - métier";"Production";"f__Antea";"m__Chalut_fond_DP";"e__FET";"0";"kg/unite effort 1*2";"Sacrois"
"v__LPUE_f_m_e";"1984";"LPUE moyen esp modélisée initial par navire d'une flottille - métier";"Production";"f__Antea";"m__Chalut_fond_DP";"e__RHO";"0";"kg/unite effort 1*2";"Sacrois"
"v__LPUE_f_m_e";"1984";"LPUE moyen esp modélisée initial par navire d'une flottille - métier";"Production";"f__Antea";"m__Chalut_fond_DP";"e__IPH";"0";"kg/unite effort 1*2";"Sacrois"
"v__LPUE_f_m_e";"1984";"LPUE moyen esp modélisée initial par navire d'une flottille - métier";"Production";"f__Antea";"m__Chalut_fond_DP";"e__THY";"0.230396174334667";"kg/unite effort 1*2";"Sacrois"
"v__LPUE_f_m_e";"1984";"LPUE moyen esp modélisée initial par navire d'une flottille - métier";"Production";"f__Antea";"m__Chalut_fond_DP";"e__OCH";"0";"kg/unite effort 1*2";"Sacrois"
"v__LPUE_f_m_e";"1984";"LPUE moyen esp modélisée initial par navire d'une flottille - métier";"Production";"f__Antea";"m__Chalut_fond_DP";"e__VAU";"0";"kg/unite effort 1*2";"Sacrois"
"v__LPUE_f_m_e";"1984";"LPUE moyen esp modélisée initial par navire d'une flottille - métier";"Production";"f__Antea";"m__Chalut_fond_DP";"e__ZZZ";"76.3409112001047";"kg/unite effort 1*2";"Sacrois"
"v__LPUE_f_m_e";"1984";"LPUE moyen esp modélisée initial par navire d'une flottille - métier";"Production";"f__Antea";"m__Chalut_fond_GLY";"e__COR";"0";"kg/unite effort 1*2";"Sacrois"
"v__LPUE_f_m_e";"1984";"LPUE moyen esp modélisée initial par navire d'une flottille - métier";"Production";"f__Antea";"m__Chalut_fond_GLY";"e__GAR";"0";"kg/unite effort 1*2";"Sacrois"
"v__LPUE_f_m_e";"1984";"LPUE moyen esp modélisée initial par navire d'une flottille - métier";"Production";"f__Antea";"m__Chalut_fond_GLY";"e__ARC";"0";"kg/unite effort 1*2";"Sacrois"
"v__LPUE_f_m_e";"1984";"LPUE moyen esp modélisée initial par navire d'une flottille - métier";"Production";"f__Antea";"m__Chalut_fond_GLY";"e__DAR";"23.9572492690336";"kg/unite effort 1*2";"Sacrois"
"v__LPUE_f_m_e";"1984";"LPUE moyen esp modélisée initial par navire d'une flottille - métier";"Production";"f__Antea";"m__Chalut_fond_GLY";"e__GLY";"0.629927809052208";"kg/unite effort 1*2";"Sacrois"
"v__LPUE_f_m_e";"1984";"LPUE moyen esp modélisée initial par navire d'une flottille - métier";"Production";"f__Antea";"m__Chalut_fond_GLY";"e__HER";"0.00154991510046723";"kg/unite effort 1*2";"Sacrois"
"v__LPUE_f_m_e";"1984";"LPUE moyen esp modélisée initial par navire d'une flottille - métier";"Production";"f__Antea";"m__Chalut_fond_GLY";"e__MAH";"0";"kg/unite effort 1*2";"Sacrois"
"v__LPUE_f_m_e";"1984";"LPUE moyen esp modélisée initial par navire d'une flottille - métier";"Production";"f__Antea";"m__Chalut_fond_GLY";"e__DOR";"0";"kg/unite effort 1*2";"Sacrois"
"v__LPUE_f_m_e";"1984";"LPUE moyen esp modélisée initial par navire d'une flottille - métier";"Production";"f__Antea";"m__Chalut_fond_GLY";"e__PAV";"0";"kg/unite effort 1*2";"Sacrois"
"v__LPUE_f_m_e";"1984";"LPUE moyen esp modélisée initial par navire d'une flottille - métier";"Production";"f__Antea";"m__Chalut_fond_GLY";"e__INO";"0";"kg/unite effort 1*2";"Sacrois"
"v__LPUE_f_m_e";"1984";"LPUE moyen esp modélisée initial par navire d'une flottille - métier";"Production";"f__Antea";"m__Chalut_fond_GLY";"e__TUL";"0";"kg/unite effort 1*2";"Sacrois"
"v__LPUE_f_m_e";"1984";"LPUE moyen esp modélisée initial par navire d'une flottille - métier";"Production";"f__Antea";"m__Chalut_fond_GLY";"e__PAM";"0";"kg/unite effort 1*2";"Sacrois"
"v__LPUE_f_m_e";"1984";"LPUE moyen esp modélisée initial par navire d'une flottille - métier";"Production";"f__Antea";"m__Chalut_fond_GLY";"e__MON";"6.89873190118944e-06";"kg/unite effort 1*2";"Sacrois"
"v__LPUE_f_m_e";"1984";"LPUE moyen esp modélisée initial par navire d'une flottille - métier";"Production";"f__Antea";"m__Chalut_fond_GLY";"e__OED";"0.00222829040408419";"kg/unite effort 1*2";"Sacrois"
"v__LPUE_f_m_e";"1984";"LPUE moyen esp modélisée initial par navire d'une flottille - métier";"Production";"f__Antea";"m__Chalut_fond_GLY";"e__HAY";"0";"kg/unite effort 1*2";"Sacrois"
"v__LPUE_f_m_e";"1984";"LPUE moyen esp modélisée initial par navire d'une flottille - métier";"Production";"f__Antea";"m__Chalut_fond_GLY";"e__FET";"0";"kg/unite effort 1*2";"Sacrois"
"v__LPUE_f_m_e";"1984";"LPUE moyen esp modélisée initial par navire d'une flottille - métier";"Production";"f__Antea";"m__Chalut_fond_GLY";"e__RHO";"0";"kg/unite effort 1*2";"Sacrois"
"v__LPUE_f_m_e";"1984";"LPUE moyen esp modélisée initial par navire d'une flottille - métier";"Production";"f__Antea";"m__Chalut_fond_GLY";"e__IPH";"0";"kg/unite effort 1*2";"Sacrois"
"v__LPUE_f_m_e";"1984";"LPUE moyen esp modélisée initial par navire d'une flottille - métier";"Production";"f__Antea";"m__Chalut_fond_GLY";"e__THY";"0.554782222029852";"kg/unite effort 1*2";"Sacrois"
"v__LPUE_f_m_e";"1984";"LPUE moyen esp modélisée initial par navire d'une flottille - métier";"Production";"f__Antea";"m__Chalut_fond_GLY";"e__OCH";"0";"kg/unite effort 1*2";"Sacrois"
"v__LPUE_f_m_e";"1984";"LPUE moyen esp modélisée initial par navire d'une flottille - métier";"Production";"f__Antea";"m__Chalut_fond_GLY";"e__VAU";"0";"kg/unite effort 1*2";"Sacrois"
"v__LPUE_f_m_e";"1984";"LPUE moyen esp modélisée initial par navire d'une flottille - métier";"Production";"f__Antea";"m__Chalut_fond_GLY";"e__ZZZ";"121.928327895837";"kg/unite effort 1*2";"Sacrois"
"v__d_f_m_e";"1984";"Taux de rejets moyens esp modélisée initial par navire d'une flottille - métier";"Production";"f__Antea";"m__Chalut_fond_DP";"e__COR";"0.036";"ratio de la capture totale de l'espèce";"Obsmer"
"v__d_f_m_e";"1984";"Taux de rejets moyens esp modélisée initial par navire d'une flottille - métier";"Production";"f__Antea";"m__Chalut_fond_DP";"e__GAR";"0.106";"ratio de la capture totale de l'espèce";"Obsmer"
"v__d_f_m_e";"1984";"Taux de rejets moyens esp modélisée initial par navire d'une flottille - métier";"Production";"f__Antea";"m__Chalut_fond_DP";"e__ARC";"0.068";"ratio de la capture totale de l'espèce";"Obsmer"
"v__d_f_m_e";"1984";"Taux de rejets moyens esp modélisée initial par navire d'une flottille - métier";"Production";"f__Antea";"m__Chalut_fond_DP";"e__DAR";"0.04";"ratio de la capture totale de l'espèce";"Obsmer"
"v__d_f_m_e";"1984";"Taux de rejets moyens esp modélisée initial par navire d'une flottille - métier";"Production";"f__Antea";"m__Chalut_fond_DP";"e__GLY";"1";"ratio de la capture totale de l'espèce";"Obsmer"
"v__d_f_m_e";"1984";"Taux de rejets moyens esp modélisée initial par navire d'une flottille - métier";"Production";"f__Antea";"m__Chalut_fond_DP";"e__HER";NA;"ratio de la capture totale de l'espèce";"Obsmer"
"v__d_f_m_e";"1984";"Taux de rejets moyens esp modélisée initial par navire d'une flottille - métier";"Production";"f__Antea";"m__Chalut_fond_DP";"e__MAH";"0.691";"ratio de la capture totale de l'espèce";"Obsmer"
"v__d_f_m_e";"1984";"Taux de rejets moyens esp modélisée initial par navire d'une flottille - métier";"Production";"f__Antea";"m__Chalut_fond_DP";"e__DOR";"1";"ratio de la capture totale de l'espèce";"Obsmer"
"v__d_f_m_e";"1984";"Taux de rejets moyens esp modélisée initial par navire d'une flottille - métier";"Production";"f__Antea";"m__Chalut_fond_DP";"e__PAV";"0.057";"ratio de la capture totale de l'espèce";"Obsmer"
"v__d_f_m_e";"1984";"Taux de rejets moyens esp modélisée initial par navire d'une flottille - métier";"Production";"f__Antea";"m__Chalut_fond_DP";"e__INO";"0.61";"ratio de la capture totale de l'espèce";"Obsmer"
"v__d_f_m_e";"1984";"Taux de rejets moyens esp modélisée initial par navire d'une flottille - métier";"Production";"f__Antea";"m__Chalut_fond_DP";"e__TUL";"0.005";"ratio de la capture totale de l'espèce";"Obsmer"
"v__d_f_m_e";"1984";"Taux de rejets moyens esp modélisée initial par navire d'une flottille - métier";"Production";"f__Antea";"m__Chalut_fond_DP";"e__PAM";"1";"ratio de la capture totale de l'espèce";"Obsmer"
"v__d_f_m_e";"1984";"Taux de rejets moyens esp modélisée initial par navire d'une flottille - métier";"Production";"f__Antea";"m__Chalut_fond_DP";"e__MON";"0.339";"ratio de la capture totale de l'espèce";"Obsmer"
"v__d_f_m_e";"1984";"Taux de rejets moyens esp modélisée initial par navire d'une flottille - métier";"Production";"f__Antea";"m__Chalut_fond_DP";"e__OED";NA;"ratio de la capture totale de l'espèce";"Obsmer"
"v__d_f_m_e";"1984";"Taux de rejets moyens esp modélisée initial par navire d'une flottille - métier";"Production";"f__Antea";"m__Chalut_fond_DP";"e__HAY";"0.055";"ratio de la capture totale de l'espèce";"Obsmer"
"v__d_f_m_e";"1984";"Taux de rejets moyens esp modélisée initial par navire d'une flottille - métier";"Production";"f__Antea";"m__Chalut_fond_DP";"e__FET";NA;"ratio de la capture totale de l'espèce";"Obsmer"
"v__d_f_m_e";"1984";"Taux de rejets moyens esp modélisée initial par navire d'une flottille - métier";"Production";"f__Antea";"m__Chalut_fond_DP";"e__RHO";"0.14";"ratio de la capture totale de l'espèce";"Obsmer"
"v__d_f_m_e";"1984";"Taux de rejets moyens esp modélisée initial par navire d'une flottille - métier";"Production";"f__Antea";"m__Chalut_fond_DP";"e__IPH";NA;"ratio de la capture totale de l'espèce";"Obsmer"
"v__d_f_m_e";"1984";"Taux de rejets moyens esp modélisée initial par navire d'une flottille - métier";"Production";"f__Antea";"m__Chalut_fond_DP";"e__THY";"0.172";"ratio de la capture totale de l'espèce";"Obsmer"
"v__d_f_m_e";"1984";"Taux de rejets moyens esp modélisée initial par navire d'une flottille - métier";"Production";"f__Antea";"m__Chalut_fond_DP";"e__OCH";"0.017";"ratio de la capture totale de l'espèce";"Obsmer"
"v__d_f_m_e";"1984";"Taux de rejets moyens esp modélisée initial par navire d'une flottille - métier";"Production";"f__Antea";"m__Chalut_fond_DP";"e__VAU";"0.037";"ratio de la capture totale de l'espèce";"Obsmer"
"v__d_f_m_e";"1984";"Taux de rejets moyens esp modélisée initial par navire d'une flottille - métier";"Production";"f__Antea";"m__Chalut_fond_DP";"e__ZZZ";"0.448945147679325";"ratio de la capture totale de l'espèce";"Obsmer"
"v__d_f_m_e";"1984";"Taux de rejets moyens esp modélisée initial par navire d'une flottille - métier";"Production";"f__Antea";"m__Chalut_fond_GLY";"e__COR";"0.036";"ratio de la capture totale de l'espèce";"Obsmer"
"v__d_f_m_e";"1984";"Taux de rejets moyens esp modélisée initial par navire d'une flottille - métier";"Production";"f__Antea";"m__Chalut_fond_GLY";"e__GAR";"0.106";"ratio de la capture totale de l'espèce";"Obsmer"
"v__d_f_m_e";"1984";"Taux de rejets moyens esp modélisée initial par navire d'une flottille - métier";"Production";"f__Antea";"m__Chalut_fond_GLY";"e__ARC";"0.068";"ratio de la capture totale de l'espèce";"Obsmer"
"v__d_f_m_e";"1984";"Taux de rejets moyens esp modélisée initial par navire d'une flottille - métier";"Production";"f__Antea";"m__Chalut_fond_GLY";"e__DAR";"0.04";"ratio de la capture totale de l'espèce";"Obsmer"
"v__d_f_m_e";"1984";"Taux de rejets moyens esp modélisée initial par navire d'une flottille - métier";"Production";"f__Antea";"m__Chalut_fond_GLY";"e__GLY";"1";"ratio de la capture totale de l'espèce";"Obsmer"
"v__d_f_m_e";"1984";"Taux de rejets moyens esp modélisée initial par navire d'une flottille - métier";"Production";"f__Antea";"m__Chalut_fond_GLY";"e__HER";NA;"ratio de la capture totale de l'espèce";"Obsmer"
"v__d_f_m_e";"1984";"Taux de rejets moyens esp modélisée initial par navire d'une flottille - métier";"Production";"f__Antea";"m__Chalut_fond_GLY";"e__MAH";"0.691";"ratio de la capture totale de l'espèce";"Obsmer"
"v__d_f_m_e";"1984";"Taux de rejets moyens esp modélisée initial par navire d'une flottille - métier";"Production";"f__Antea";"m__Chalut_fond_GLY";"e__DOR";"1";"ratio de la capture totale de l'espèce";"Obsmer"
"v__d_f_m_e";"1984";"Taux de rejets moyens esp modélisée initial par navire d'une flottille - métier";"Production";"f__Antea";"m__Chalut_fond_GLY";"e__PAV";"0.057";"ratio de la capture totale de l'espèce";"Obsmer"
"v__d_f_m_e";"1984";"Taux de rejets moyens esp modélisée initial par navire d'une flottille - métier";"Production";"f__Antea";"m__Chalut_fond_GLY";"e__INO";"0.61";"ratio de la capture totale de l'espèce";"Obsmer"
"v__d_f_m_e";"1984";"Taux de rejets moyens esp modélisée initial par navire d'une flottille - métier";"Production";"f__Antea";"m__Chalut_fond_GLY";"e__TUL";"0.005";"ratio de la capture totale de l'espèce";"Obsmer"
"v__d_f_m_e";"1984";"Taux de rejets moyens esp modélisée initial par navire d'une flottille - métier";"Production";"f__Antea";"m__Chalut_fond_GLY";"e__PAM";"1";"ratio de la capture totale de l'espèce";"Obsmer"
"v__d_f_m_e";"1984";"Taux de rejets moyens esp modélisée initial par navire d'une flottille - métier";"Production";"f__Antea";"m__Chalut_fond_GLY";"e__MON";"0.339";"ratio de la capture totale de l'espèce";"Obsmer"
"v__d_f_m_e";"1984";"Taux de rejets moyens esp modélisée initial par navire d'une flottille - métier";"Production";"f__Antea";"m__Chalut_fond_GLY";"e__OED";NA;"ratio de la capture totale de l'espèce";"Obsmer"
"v__d_f_m_e";"1984";"Taux de rejets moyens esp modélisée initial par navire d'une flottille - métier";"Production";"f__Antea";"m__Chalut_fond_GLY";"e__HAY";"0.055";"ratio de la capture totale de l'espèce";"Obsmer"
"v__d_f_m_e";"1984";"Taux de rejets moyens esp modélisée initial par navire d'une flottille - métier";"Production";"f__Antea";"m__Chalut_fond_GLY";"e__FET";NA;"ratio de la capture totale de l'espèce";"Obsmer"
"v__d_f_m_e";"1984";"Taux de rejets moyens esp modélisée initial par navire d'une flottille - métier";"Production";"f__Antea";"m__Chalut_fond_GLY";"e__RHO";"0.14";"ratio de la capture totale de l'espèce";"Obsmer"
"v__d_f_m_e";"1984";"Taux de rejets moyens esp modélisée initial par navire d'une flottille - métier";"Production";"f__Antea";"m__Chalut_fond_GLY";"e__IPH";NA;"ratio de la capture totale de l'espèce";"Obsmer"
"v__d_f_m_e";"1984";"Taux de rejets moyens esp modélisée initial par navire d'une flottille - métier";"Production";"f__Antea";"m__Chalut_fond_GLY";"e__THY";"0.172";"ratio de la capture totale de l'espèce";"Obsmer"
"v__d_f_m_e";"1984";"Taux de rejets moyens esp modélisée initial par navire d'une flottille - métier";"Production";"f__Antea";"m__Chalut_fond_GLY";"e__OCH";"0.017";"ratio de la capture totale de l'espèce";"Obsmer"
"v__d_f_m_e";"1984";"Taux de rejets moyens esp modélisée initial par navire d'une flottille - métier";"Production";"f__Antea";"m__Chalut_fond_GLY";"e__VAU";"0.037";"ratio de la capture totale de l'espèce";"Obsmer"
"v__d_f_m_e";"1984";"Taux de rejets moyens esp modélisée initial par navire d'une flottille - métier";"Production";"f__Antea";"m__Chalut_fond_GLY";"e__ZZZ";"0.448945147679325";"ratio de la capture totale de l'espèce";"Obsmer"
"v__dd1_f_m_e";"1984";"Taux de rejets  exemption ou non respect spp par navire d'une flottille - métier";"Production";"f__Antea";"m__Chalut_fond_DP";"e__COR";"0.05";"ratio de la capture totale de l'espèce";"hypothèse ou scénario"
"v__dd1_f_m_e";"1984";"Taux de rejets  exemption ou non respect spp par navire d'une flottille - métier";"Production";"f__Antea";"m__Chalut_fond_DP";"e__GAR";"0.05";"ratio de la capture totale de l'espèce";"hypothèse ou scénario"
"v__dd1_f_m_e";"1984";"Taux de rejets  exemption ou non respect spp par navire d'une flottille - métier";"Production";"f__Antea";"m__Chalut_fond_DP";"e__ARC";"0.05";"ratio de la capture totale de l'espèce";"hypothèse ou scénario"
"v__dd1_f_m_e";"1984";"Taux de rejets  exemption ou non respect spp par navire d'une flottille - métier";"Production";"f__Antea";"m__Chalut_fond_DP";"e__DAR";"0.05";"ratio de la capture totale de l'espèce";"hypothèse ou scénario"
"v__dd1_f_m_e";"1984";"Taux de rejets  exemption ou non respect spp par navire d'une flottille - métier";"Production";"f__Antea";"m__Chalut_fond_DP";"e__GLY";"0.05";"ratio de la capture totale de l'espèce";"hypothèse ou scénario"
"v__dd1_f_m_e";"1984";"Taux de rejets  exemption ou non respect spp par navire d'une flottille - métier";"Production";"f__Antea";"m__Chalut_fond_DP";"e__HER";"0.05";"ratio de la capture totale de l'espèce";"hypothèse ou scénario"
"v__dd1_f_m_e";"1984";"Taux de rejets  exemption ou non respect spp par navire d'une flottille - métier";"Production";"f__Antea";"m__Chalut_fond_DP";"e__MAH";"0.05";"ratio de la capture totale de l'espèce";"hypothèse ou scénario"
"v__dd1_f_m_e";"1984";"Taux de rejets  exemption ou non respect spp par navire d'une flottille - métier";"Production";"f__Antea";"m__Chalut_fond_DP";"e__DOR";"0.05";"ratio de la capture totale de l'espèce";"hypothèse ou scénario"
"v__dd1_f_m_e";"1984";"Taux de rejets  exemption ou non respect spp par navire d'une flottille - métier";"Production";"f__Antea";"m__Chalut_fond_DP";"e__PAV";"0.05";"ratio de la capture totale de l'espèce";"hypothèse ou scénario"
"v__dd1_f_m_e";"1984";"Taux de rejets  exemption ou non respect spp par navire d'une flottille - métier";"Production";"f__Antea";"m__Chalut_fond_DP";"e__INO";"0.05";"ratio de la capture totale de l'espèce";"hypothèse ou scénario"
"v__dd1_f_m_e";"1984";"Taux de rejets  exemption ou non respect spp par navire d'une flottille - métier";"Production";"f__Antea";"m__Chalut_fond_DP";"e__TUL";"0.05";"ratio de la capture totale de l'espèce";"hypothèse ou scénario"
"v__dd1_f_m_e";"1984";"Taux de rejets  exemption ou non respect spp par navire d'une flottille - métier";"Production";"f__Antea";"m__Chalut_fond_DP";"e__PAM";"0.05";"ratio de la capture totale de l'espèce";"hypothèse ou scénario"
"v__dd1_f_m_e";"1984";"Taux de rejets  exemption ou non respect spp par navire d'une flottille - métier";"Production";"f__Antea";"m__Chalut_fond_DP";"e__MON";"0.05";"ratio de la capture totale de l'espèce";"hypothèse ou scénario"
"v__dd1_f_m_e";"1984";"Taux de rejets  exemption ou non respect spp par navire d'une flottille - métier";"Production";"f__Antea";"m__Chalut_fond_DP";"e__OED";"0.05";"ratio de la capture totale de l'espèce";"hypothèse ou scénario"
"v__dd1_f_m_e";"1984";"Taux de rejets  exemption ou non respect spp par navire d'une flottille - métier";"Production";"f__Antea";"m__Chalut_fond_DP";"e__HAY";"0.05";"ratio de la capture totale de l'espèce";"hypothèse ou scénario"
"v__dd1_f_m_e";"1984";"Taux de rejets  exemption ou non respect spp par navire d'une flottille - métier";"Production";"f__Antea";"m__Chalut_fond_DP";"e__FET";"0.05";"ratio de la capture totale de l'espèce";"hypothèse ou scénario"
"v__dd1_f_m_e";"1984";"Taux de rejets  exemption ou non respect spp par navire d'une flottille - métier";"Production";"f__Antea";"m__Chalut_fond_DP";"e__RHO";"0.05";"ratio de la capture totale de l'espèce";"hypothèse ou scénario"
"v__dd1_f_m_e";"1984";"Taux de rejets  exemption ou non respect spp par navire d'une flottille - métier";"Production";"f__Antea";"m__Chalut_fond_DP";"e__IPH";"0.05";"ratio de la capture totale de l'espèce";"hypothèse ou scénario"
"v__dd1_f_m_e";"1984";"Taux de rejets  exemption ou non respect spp par navire d'une flottille - métier";"Production";"f__Antea";"m__Chalut_fond_DP";"e__THY";"0.05";"ratio de la capture totale de l'espèce";"hypothèse ou scénario"
"v__dd1_f_m_e";"1984";"Taux de rejets  exemption ou non respect spp par navire d'une flottille - métier";"Production";"f__Antea";"m__Chalut_fond_DP";"e__OCH";"0.05";"ratio de la capture totale de l'espèce";"hypothèse ou scénario"
"v__dd1_f_m_e";"1984";"Taux de rejets  exemption ou non respect spp par navire d'une flottille - métier";"Production";"f__Antea";"m__Chalut_fond_DP";"e__VAU";"0.05";"ratio de la capture totale de l'espèce";"hypothèse ou scénario"
"v__dd1_f_m_e";"1984";"Taux de rejets  exemption ou non respect spp par navire d'une flottille - métier";"Production";"f__Antea";"m__Chalut_fond_DP";"e__ZZZ";"0.05";"ratio de la capture totale de l'espèce";"hypothèse ou scénario"
"v__dd1_f_m_e";"1984";"Taux de rejets  exemption ou non respect spp par navire d'une flottille - métier";"Production";"f__Antea";"m__Chalut_fond_GLY";"e__COR";"0.05";"ratio de la capture totale de l'espèce";"hypothèse ou scénario"
"v__dd1_f_m_e";"1984";"Taux de rejets  exemption ou non respect spp par navire d'une flottille - métier";"Production";"f__Antea";"m__Chalut_fond_GLY";"e__GAR";"0.05";"ratio de la capture totale de l'espèce";"hypothèse ou scénario"
"v__dd1_f_m_e";"1984";"Taux de rejets  exemption ou non respect spp par navire d'une flottille - métier";"Production";"f__Antea";"m__Chalut_fond_GLY";"e__ARC";"0.05";"ratio de la capture totale de l'espèce";"hypothèse ou scénario"
"v__dd1_f_m_e";"1984";"Taux de rejets  exemption ou non respect spp par navire d'une flottille - métier";"Production";"f__Antea";"m__Chalut_fond_GLY";"e__DAR";"0.05";"ratio de la capture totale de l'espèce";"hypothèse ou scénario"
"v__dd1_f_m_e";"1984";"Taux de rejets  exemption ou non respect spp par navire d'une flottille - métier";"Production";"f__Antea";"m__Chalut_fond_GLY";"e__GLY";"0.05";"ratio de la capture totale de l'espèce";"hypothèse ou scénario"
"v__dd1_f_m_e";"1984";"Taux de rejets  exemption ou non respect spp par navire d'une flottille - métier";"Production";"f__Antea";"m__Chalut_fond_GLY";"e__HER";"0.05";"ratio de la capture totale de l'espèce";"hypothèse ou scénario"
"v__dd1_f_m_e";"1984";"Taux de rejets  exemption ou non respect spp par navire d'une flottille - métier";"Production";"f__Antea";"m__Chalut_fond_GLY";"e__MAH";"0.05";"ratio de la capture totale de l'espèce";"hypothèse ou scénario"
"v__dd1_f_m_e";"1984";"Taux de rejets  exemption ou non respect spp par navire d'une flottille - métier";"Production";"f__Antea";"m__Chalut_fond_GLY";"e__DOR";"0.05";"ratio de la capture totale de l'espèce";"hypothèse ou scénario"
"v__dd1_f_m_e";"1984";"Taux de rejets  exemption ou non respect spp par navire d'une flottille - métier";"Production";"f__Antea";"m__Chalut_fond_GLY";"e__PAV";"0.05";"ratio de la capture totale de l'espèce";"hypothèse ou scénario"
"v__dd1_f_m_e";"1984";"Taux de rejets  exemption ou non respect spp par navire d'une flottille - métier";"Production";"f__Antea";"m__Chalut_fond_GLY";"e__INO";"0.05";"ratio de la capture totale de l'espèce";"hypothèse ou scénario"
"v__dd1_f_m_e";"1984";"Taux de rejets  exemption ou non respect spp par navire d'une flottille - métier";"Production";"f__Antea";"m__Chalut_fond_GLY";"e__TUL";"0.05";"ratio de la capture totale de l'espèce";"hypothèse ou scénario"
"v__dd1_f_m_e";"1984";"Taux de rejets  exemption ou non respect spp par navire d'une flottille - métier";"Production";"f__Antea";"m__Chalut_fond_GLY";"e__PAM";"0.05";"ratio de la capture totale de l'espèce";"hypothèse ou scénario"
"v__dd1_f_m_e";"1984";"Taux de rejets  exemption ou non respect spp par navire d'une flottille - métier";"Production";"f__Antea";"m__Chalut_fond_GLY";"e__MON";"0.05";"ratio de la capture totale de l'espèce";"hypothèse ou scénario"
"v__dd1_f_m_e";"1984";"Taux de rejets  exemption ou non respect spp par navire d'une flottille - métier";"Production";"f__Antea";"m__Chalut_fond_GLY";"e__OED";"0.05";"ratio de la capture totale de l'espèce";"hypothèse ou scénario"
"v__dd1_f_m_e";"1984";"Taux de rejets  exemption ou non respect spp par navire d'une flottille - métier";"Production";"f__Antea";"m__Chalut_fond_GLY";"e__HAY";"0.05";"ratio de la capture totale de l'espèce";"hypothèse ou scénario"
"v__dd1_f_m_e";"1984";"Taux de rejets  exemption ou non respect spp par navire d'une flottille - métier";"Production";"f__Antea";"m__Chalut_fond_GLY";"e__FET";"0.05";"ratio de la capture totale de l'espèce";"hypothèse ou scénario"
"v__dd1_f_m_e";"1984";"Taux de rejets  exemption ou non respect spp par navire d'une flottille - métier";"Production";"f__Antea";"m__Chalut_fond_GLY";"e__RHO";"0.05";"ratio de la capture totale de l'espèce";"hypothèse ou scénario"
"v__dd1_f_m_e";"1984";"Taux de rejets  exemption ou non respect spp par navire d'une flottille - métier";"Production";"f__Antea";"m__Chalut_fond_GLY";"e__IPH";"0.05";"ratio de la capture totale de l'espèce";"hypothèse ou scénario"
"v__dd1_f_m_e";"1984";"Taux de rejets  exemption ou non respect spp par navire d'une flottille - métier";"Production";"f__Antea";"m__Chalut_fond_GLY";"e__THY";"0.05";"ratio de la capture totale de l'espèce";"hypothèse ou scénario"
"v__dd1_f_m_e";"1984";"Taux de rejets  exemption ou non respect spp par navire d'une flottille - métier";"Production";"f__Antea";"m__Chalut_fond_GLY";"e__OCH";"0.05";"ratio de la capture totale de l'espèce";"hypothèse ou scénario"
"v__dd1_f_m_e";"1984";"Taux de rejets  exemption ou non respect spp par navire d'une flottille - métier";"Production";"f__Antea";"m__Chalut_fond_GLY";"e__VAU";"0.05";"ratio de la capture totale de l'espèce";"hypothèse ou scénario"
"v__dd1_f_m_e";"1984";"Taux de rejets  exemption ou non respect spp par navire d'une flottille - métier";"Production";"f__Antea";"m__Chalut_fond_GLY";"e__ZZZ";"0.05";"ratio de la capture totale de l'espèce";"hypothèse ou scénario"
"v__dd2_f_m_e";"1984";"Taux de rejets  exemption ou non respect spp par navire d'une flottille - métier";"Production";"f__Antea";"m__Chalut_fond_DP";"e__COR";"0.05";"ratio de la capture totale de l'espèce";"hypothèse ou scénario"
"v__dd2_f_m_e";"1984";"Taux de rejets  exemption ou non respect spp par navire d'une flottille - métier";"Production";"f__Antea";"m__Chalut_fond_DP";"e__GAR";"0.05";"ratio de la capture totale de l'espèce";"hypothèse ou scénario"
"v__dd2_f_m_e";"1984";"Taux de rejets  exemption ou non respect spp par navire d'une flottille - métier";"Production";"f__Antea";"m__Chalut_fond_DP";"e__ARC";"0.05";"ratio de la capture totale de l'espèce";"hypothèse ou scénario"
"v__dd2_f_m_e";"1984";"Taux de rejets  exemption ou non respect spp par navire d'une flottille - métier";"Production";"f__Antea";"m__Chalut_fond_DP";"e__DAR";"0.05";"ratio de la capture totale de l'espèce";"hypothèse ou scénario"
"v__dd2_f_m_e";"1984";"Taux de rejets  exemption ou non respect spp par navire d'une flottille - métier";"Production";"f__Antea";"m__Chalut_fond_DP";"e__GLY";"0.05";"ratio de la capture totale de l'espèce";"hypothèse ou scénario"
"v__dd2_f_m_e";"1984";"Taux de rejets  exemption ou non respect spp par navire d'une flottille - métier";"Production";"f__Antea";"m__Chalut_fond_DP";"e__HER";"0.05";"ratio de la capture totale de l'espèce";"hypothèse ou scénario"
"v__dd2_f_m_e";"1984";"Taux de rejets  exemption ou non respect spp par navire d'une flottille - métier";"Production";"f__Antea";"m__Chalut_fond_DP";"e__MAH";"0.05";"ratio de la capture totale de l'espèce";"hypothèse ou scénario"
"v__dd2_f_m_e";"1984";"Taux de rejets  exemption ou non respect spp par navire d'une flottille - métier";"Production";"f__Antea";"m__Chalut_fond_DP";"e__DOR";"0.05";"ratio de la capture totale de l'espèce";"hypothèse ou scénario"
"v__dd2_f_m_e";"1984";"Taux de rejets  exemption ou non respect spp par navire d'une flottille - métier";"Production";"f__Antea";"m__Chalut_fond_DP";"e__PAV";"0.05";"ratio de la capture totale de l'espèce";"hypothèse ou scénario"
"v__dd2_f_m_e";"1984";"Taux de rejets  exemption ou non respect spp par navire d'une flottille - métier";"Production";"f__Antea";"m__Chalut_fond_DP";"e__INO";"0.05";"ratio de la capture totale de l'espèce";"hypothèse ou scénario"
"v__dd2_f_m_e";"1984";"Taux de rejets  exemption ou non respect spp par navire d'une flottille - métier";"Production";"f__Antea";"m__Chalut_fond_DP";"e__TUL";"0.05";"ratio de la capture totale de l'espèce";"hypothèse ou scénario"
"v__dd2_f_m_e";"1984";"Taux de rejets  exemption ou non respect spp par navire d'une flottille - métier";"Production";"f__Antea";"m__Chalut_fond_DP";"e__PAM";"0.05";"ratio de la capture totale de l'espèce";"hypothèse ou scénario"
"v__dd2_f_m_e";"1984";"Taux de rejets  exemption ou non respect spp par navire d'une flottille - métier";"Production";"f__Antea";"m__Chalut_fond_DP";"e__MON";"0.05";"ratio de la capture totale de l'espèce";"hypothèse ou scénario"
"v__dd2_f_m_e";"1984";"Taux de rejets  exemption ou non respect spp par navire d'une flottille - métier";"Production";"f__Antea";"m__Chalut_fond_DP";"e__OED";"0.05";"ratio de la capture totale de l'espèce";"hypothèse ou scénario"
"v__dd2_f_m_e";"1984";"Taux de rejets  exemption ou non respect spp par navire d'une flottille - métier";"Production";"f__Antea";"m__Chalut_fond_DP";"e__HAY";"0.05";"ratio de la capture totale de l'espèce";"hypothèse ou scénario"
"v__dd2_f_m_e";"1984";"Taux de rejets  exemption ou non respect spp par navire d'une flottille - métier";"Production";"f__Antea";"m__Chalut_fond_DP";"e__FET";"0.05";"ratio de la capture totale de l'espèce";"hypothèse ou scénario"
"v__dd2_f_m_e";"1984";"Taux de rejets  exemption ou non respect spp par navire d'une flottille - métier";"Production";"f__Antea";"m__Chalut_fond_DP";"e__RHO";"0.05";"ratio de la capture totale de l'espèce";"hypothèse ou scénario"
"v__dd2_f_m_e";"1984";"Taux de rejets  exemption ou non respect spp par navire d'une flottille - métier";"Production";"f__Antea";"m__Chalut_fond_DP";"e__IPH";"0.05";"ratio de la capture totale de l'espèce";"hypothèse ou scénario"
"v__dd2_f_m_e";"1984";"Taux de rejets  exemption ou non respect spp par navire d'une flottille - métier";"Production";"f__Antea";"m__Chalut_fond_DP";"e__THY";"0.05";"ratio de la capture totale de l'espèce";"hypothèse ou scénario"
"v__dd2_f_m_e";"1984";"Taux de rejets  exemption ou non respect spp par navire d'une flottille - métier";"Production";"f__Antea";"m__Chalut_fond_DP";"e__OCH";"0.05";"ratio de la capture totale de l'espèce";"hypothèse ou scénario"
"v__dd2_f_m_e";"1984";"Taux de rejets  exemption ou non respect spp par navire d'une flottille - métier";"Production";"f__Antea";"m__Chalut_fond_DP";"e__VAU";"0.05";"ratio de la capture totale de l'espèce";"hypothèse ou scénario"
"v__dd2_f_m_e";"1984";"Taux de rejets  exemption ou non respect spp par navire d'une flottille - métier";"Production";"f__Antea";"m__Chalut_fond_DP";"e__ZZZ";"0.05";"ratio de la capture totale de l'espèce";"hypothèse ou scénario"
"v__dd2_f_m_e";"1984";"Taux de rejets  exemption ou non respect spp par navire d'une flottille - métier";"Production";"f__Antea";"m__Chalut_fond_GLY";"e__COR";"0.05";"ratio de la capture totale de l'espèce";"hypothèse ou scénario"
"v__dd2_f_m_e";"1984";"Taux de rejets  exemption ou non respect spp par navire d'une flottille - métier";"Production";"f__Antea";"m__Chalut_fond_GLY";"e__GAR";"0.05";"ratio de la capture totale de l'espèce";"hypothèse ou scénario"
"v__dd2_f_m_e";"1984";"Taux de rejets  exemption ou non respect spp par navire d'une flottille - métier";"Production";"f__Antea";"m__Chalut_fond_GLY";"e__ARC";"0.05";"ratio de la capture totale de l'espèce";"hypothèse ou scénario"
"v__dd2_f_m_e";"1984";"Taux de rejets  exemption ou non respect spp par navire d'une flottille - métier";"Production";"f__Antea";"m__Chalut_fond_GLY";"e__DAR";"0.05";"ratio de la capture totale de l'espèce";"hypothèse ou scénario"
"v__dd2_f_m_e";"1984";"Taux de rejets  exemption ou non respect spp par navire d'une flottille - métier";"Production";"f__Antea";"m__Chalut_fond_GLY";"e__GLY";"0.05";"ratio de la capture totale de l'espèce";"hypothèse ou scénario"
"v__dd2_f_m_e";"1984";"Taux de rejets  exemption ou non respect spp par navire d'une flottille - métier";"Production";"f__Antea";"m__Chalut_fond_GLY";"e__HER";"0.05";"ratio de la capture totale de l'espèce";"hypothèse ou scénario"
"v__dd2_f_m_e";"1984";"Taux de rejets  exemption ou non respect spp par navire d'une flottille - métier";"Production";"f__Antea";"m__Chalut_fond_GLY";"e__MAH";"0.05";"ratio de la capture totale de l'espèce";"hypothèse ou scénario"
"v__dd2_f_m_e";"1984";"Taux de rejets  exemption ou non respect spp par navire d'une flottille - métier";"Production";"f__Antea";"m__Chalut_fond_GLY";"e__DOR";"0.05";"ratio de la capture totale de l'espèce";"hypothèse ou scénario"
"v__dd2_f_m_e";"1984";"Taux de rejets  exemption ou non respect spp par navire d'une flottille - métier";"Production";"f__Antea";"m__Chalut_fond_GLY";"e__PAV";"0.05";"ratio de la capture totale de l'espèce";"hypothèse ou scénario"
"v__dd2_f_m_e";"1984";"Taux de rejets  exemption ou non respect spp par navire d'une flottille - métier";"Production";"f__Antea";"m__Chalut_fond_GLY";"e__INO";"0.05";"ratio de la capture totale de l'espèce";"hypothèse ou scénario"
"v__dd2_f_m_e";"1984";"Taux de rejets  exemption ou non respect spp par navire d'une flottille - métier";"Production";"f__Antea";"m__Chalut_fond_GLY";"e__TUL";"0.05";"ratio de la capture totale de l'espèce";"hypothèse ou scénario"
"v__dd2_f_m_e";"1984";"Taux de rejets  exemption ou non respect spp par navire d'une flottille - métier";"Production";"f__Antea";"m__Chalut_fond_GLY";"e__PAM";"0.05";"ratio de la capture totale de l'espèce";"hypothèse ou scénario"
"v__dd2_f_m_e";"1984";"Taux de rejets  exemption ou non respect spp par navire d'une flottille - métier";"Production";"f__Antea";"m__Chalut_fond_GLY";"e__MON";"0.05";"ratio de la capture totale de l'espèce";"hypothèse ou scénario"
"v__dd2_f_m_e";"1984";"Taux de rejets  exemption ou non respect spp par navire d'une flottille - métier";"Production";"f__Antea";"m__Chalut_fond_GLY";"e__OED";"0.05";"ratio de la capture totale de l'espèce";"hypothèse ou scénario"
"v__dd2_f_m_e";"1984";"Taux de rejets  exemption ou non respect spp par navire d'une flottille - métier";"Production";"f__Antea";"m__Chalut_fond_GLY";"e__HAY";"0.05";"ratio de la capture totale de l'espèce";"hypothèse ou scénario"
"v__dd2_f_m_e";"1984";"Taux de rejets  exemption ou non respect spp par navire d'une flottille - métier";"Production";"f__Antea";"m__Chalut_fond_GLY";"e__FET";"0.05";"ratio de la capture totale de l'espèce";"hypothèse ou scénario"
"v__dd2_f_m_e";"1984";"Taux de rejets  exemption ou non respect spp par navire d'une flottille - métier";"Production";"f__Antea";"m__Chalut_fond_GLY";"e__RHO";"0.05";"ratio de la capture totale de l'espèce";"hypothèse ou scénario"
"v__dd2_f_m_e";"1984";"Taux de rejets  exemption ou non respect spp par navire d'une flottille - métier";"Production";"f__Antea";"m__Chalut_fond_GLY";"e__IPH";"0.05";"ratio de la capture totale de l'espèce";"hypothèse ou scénario"
"v__dd2_f_m_e";"1984";"Taux de rejets  exemption ou non respect spp par navire d'une flottille - métier";"Production";"f__Antea";"m__Chalut_fond_GLY";"e__THY";"0.05";"ratio de la capture totale de l'espèce";"hypothèse ou scénario"
"v__dd2_f_m_e";"1984";"Taux de rejets  exemption ou non respect spp par navire d'une flottille - métier";"Production";"f__Antea";"m__Chalut_fond_GLY";"e__OCH";"0.05";"ratio de la capture totale de l'espèce";"hypothèse ou scénario"
"v__dd2_f_m_e";"1984";"Taux de rejets  exemption ou non respect spp par navire d'une flottille - métier";"Production";"f__Antea";"m__Chalut_fond_GLY";"e__VAU";"0.05";"ratio de la capture totale de l'espèce";"hypothèse ou scénario"
"v__dd2_f_m_e";"1984";"Taux de rejets  exemption ou non respect spp par navire d'une flottille - métier";"Production";"f__Antea";"m__Chalut_fond_GLY";"e__ZZZ";"0.05";"ratio de la capture totale de l'espèce";"hypothèse ou scénario"
"v__dst_f_m_e";"1984";"Taux de rejets sous taille dans les rejets esp non modélisée initial par navire d'une flottille - métier";"Production";"f__Antea";"m__Chalut_fond_DP";"e__COR";"0";"ratio des rejets totaux de l'esp";"source carrejet, obsmer"
"v__dst_f_m_e";"1984";"Taux de rejets sous taille dans les rejets esp non modélisée initial par navire d'une flottille - métier";"Production";"f__Antea";"m__Chalut_fond_DP";"e__GAR";"0";"ratio des rejets totaux de l'esp";"source carrejet, obsmer"
"v__dst_f_m_e";"1984";"Taux de rejets sous taille dans les rejets esp non modélisée initial par navire d'une flottille - métier";"Production";"f__Antea";"m__Chalut_fond_DP";"e__ARC";"0";"ratio des rejets totaux de l'esp";"source carrejet, obsmer"
"v__dst_f_m_e";"1984";"Taux de rejets sous taille dans les rejets esp non modélisée initial par navire d'une flottille - métier";"Production";"f__Antea";"m__Chalut_fond_DP";"e__DAR";"0";"ratio des rejets totaux de l'esp";"source carrejet, obsmer"
"v__dst_f_m_e";"1984";"Taux de rejets sous taille dans les rejets esp non modélisée initial par navire d'une flottille - métier";"Production";"f__Antea";"m__Chalut_fond_DP";"e__GLY";"0";"ratio des rejets totaux de l'esp";"source carrejet, obsmer"
"v__dst_f_m_e";"1984";"Taux de rejets sous taille dans les rejets esp non modélisée initial par navire d'une flottille - métier";"Production";"f__Antea";"m__Chalut_fond_DP";"e__HER";"0";"ratio des rejets totaux de l'esp";"source carrejet, obsmer"
"v__dst_f_m_e";"1984";"Taux de rejets sous taille dans les rejets esp non modélisée initial par navire d'une flottille - métier";"Production";"f__Antea";"m__Chalut_fond_DP";"e__MAH";"0";"ratio des rejets totaux de l'esp";"source carrejet, obsmer"
"v__dst_f_m_e";"1984";"Taux de rejets sous taille dans les rejets esp non modélisée initial par navire d'une flottille - métier";"Production";"f__Antea";"m__Chalut_fond_DP";"e__DOR";"0";"ratio des rejets totaux de l'esp";"source carrejet, obsmer"
"v__dst_f_m_e";"1984";"Taux de rejets sous taille dans les rejets esp non modélisée initial par navire d'une flottille - métier";"Production";"f__Antea";"m__Chalut_fond_DP";"e__PAV";"0";"ratio des rejets totaux de l'esp";"source carrejet, obsmer"
"v__dst_f_m_e";"1984";"Taux de rejets sous taille dans les rejets esp non modélisée initial par navire d'une flottille - métier";"Production";"f__Antea";"m__Chalut_fond_DP";"e__INO";"0";"ratio des rejets totaux de l'esp";"source carrejet, obsmer"
"v__dst_f_m_e";"1984";"Taux de rejets sous taille dans les rejets esp non modélisée initial par navire d'une flottille - métier";"Production";"f__Antea";"m__Chalut_fond_DP";"e__TUL";"0";"ratio des rejets totaux de l'esp";"source carrejet, obsmer"
"v__dst_f_m_e";"1984";"Taux de rejets sous taille dans les rejets esp non modélisée initial par navire d'une flottille - métier";"Production";"f__Antea";"m__Chalut_fond_DP";"e__PAM";"0";"ratio des rejets totaux de l'esp";"source carrejet, obsmer"
"v__dst_f_m_e";"1984";"Taux de rejets sous taille dans les rejets esp non modélisée initial par navire d'une flottille - métier";"Production";"f__Antea";"m__Chalut_fond_DP";"e__MON";"0";"ratio des rejets totaux de l'esp";"source carrejet, obsmer"
"v__dst_f_m_e";"1984";"Taux de rejets sous taille dans les rejets esp non modélisée initial par navire d'une flottille - métier";"Production";"f__Antea";"m__Chalut_fond_DP";"e__OED";"0";"ratio des rejets totaux de l'esp";"source carrejet, obsmer"
"v__dst_f_m_e";"1984";"Taux de rejets sous taille dans les rejets esp non modélisée initial par navire d'une flottille - métier";"Production";"f__Antea";"m__Chalut_fond_DP";"e__HAY";"0";"ratio des rejets totaux de l'esp";"source carrejet, obsmer"
"v__dst_f_m_e";"1984";"Taux de rejets sous taille dans les rejets esp non modélisée initial par navire d'une flottille - métier";"Production";"f__Antea";"m__Chalut_fond_DP";"e__FET";"0";"ratio des rejets totaux de l'esp";"source carrejet, obsmer"
"v__dst_f_m_e";"1984";"Taux de rejets sous taille dans les rejets esp non modélisée initial par navire d'une flottille - métier";"Production";"f__Antea";"m__Chalut_fond_DP";"e__RHO";"0";"ratio des rejets totaux de l'esp";"source carrejet, obsmer"
"v__dst_f_m_e";"1984";"Taux de rejets sous taille dans les rejets esp non modélisée initial par navire d'une flottille - métier";"Production";"f__Antea";"m__Chalut_fond_DP";"e__IPH";"0";"ratio des rejets totaux de l'esp";"source carrejet, obsmer"
"v__dst_f_m_e";"1984";"Taux de rejets sous taille dans les rejets esp non modélisée initial par navire d'une flottille - métier";"Production";"f__Antea";"m__Chalut_fond_DP";"e__THY";"0";"ratio des rejets totaux de l'esp";"source carrejet, obsmer"
"v__dst_f_m_e";"1984";"Taux de rejets sous taille dans les rejets esp non modélisée initial par navire d'une flottille - métier";"Production";"f__Antea";"m__Chalut_fond_DP";"e__OCH";"0";"ratio des rejets totaux de l'esp";"source carrejet, obsmer"
"v__dst_f_m_e";"1984";"Taux de rejets sous taille dans les rejets esp non modélisée initial par navire d'une flottille - métier";"Production";"f__Antea";"m__Chalut_fond_DP";"e__VAU";"0";"ratio des rejets totaux de l'esp";"source carrejet, obsmer"
"v__dst_f_m_e";"1984";"Taux de rejets sous taille dans les rejets esp non modélisée initial par navire d'une flottille - métier";"Production";"f__Antea";"m__Chalut_fond_DP";"e__ZZZ";"0";"ratio des rejets totaux de l'esp";"source carrejet, obsmer"
"v__dst_f_m_e";"1984";"Taux de rejets sous taille dans les rejets esp non modélisée initial par navire d'une flottille - métier";"Production";"f__Antea";"m__Chalut_fond_GLY";"e__COR";"0";"ratio des rejets totaux de l'esp";"source carrejet, obsmer"
"v__dst_f_m_e";"1984";"Taux de rejets sous taille dans les rejets esp non modélisée initial par navire d'une flottille - métier";"Production";"f__Antea";"m__Chalut_fond_GLY";"e__GAR";"0";"ratio des rejets totaux de l'esp";"source carrejet, obsmer"
"v__dst_f_m_e";"1984";"Taux de rejets sous taille dans les rejets esp non modélisée initial par navire d'une flottille - métier";"Production";"f__Antea";"m__Chalut_fond_GLY";"e__ARC";"0";"ratio des rejets totaux de l'esp";"source carrejet, obsmer"
"v__dst_f_m_e";"1984";"Taux de rejets sous taille dans les rejets esp non modélisée initial par navire d'une flottille - métier";"Production";"f__Antea";"m__Chalut_fond_GLY";"e__DAR";"0";"ratio des rejets totaux de l'esp";"source carrejet, obsmer"
"v__dst_f_m_e";"1984";"Taux de rejets sous taille dans les rejets esp non modélisée initial par navire d'une flottille - métier";"Production";"f__Antea";"m__Chalut_fond_GLY";"e__GLY";"0";"ratio des rejets totaux de l'esp";"source carrejet, obsmer"
"v__dst_f_m_e";"1984";"Taux de rejets sous taille dans les rejets esp non modélisée initial par navire d'une flottille - métier";"Production";"f__Antea";"m__Chalut_fond_GLY";"e__HER";"0";"ratio des rejets totaux de l'esp";"source carrejet, obsmer"
"v__dst_f_m_e";"1984";"Taux de rejets sous taille dans les rejets esp non modélisée initial par navire d'une flottille - métier";"Production";"f__Antea";"m__Chalut_fond_GLY";"e__MAH";"0";"ratio des rejets totaux de l'esp";"source carrejet, obsmer"
"v__dst_f_m_e";"1984";"Taux de rejets sous taille dans les rejets esp non modélisée initial par navire d'une flottille - métier";"Production";"f__Antea";"m__Chalut_fond_GLY";"e__DOR";"0";"ratio des rejets totaux de l'esp";"source carrejet, obsmer"
"v__dst_f_m_e";"1984";"Taux de rejets sous taille dans les rejets esp non modélisée initial par navire d'une flottille - métier";"Production";"f__Antea";"m__Chalut_fond_GLY";"e__PAV";"0";"ratio des rejets totaux de l'esp";"source carrejet, obsmer"
"v__dst_f_m_e";"1984";"Taux de rejets sous taille dans les rejets esp non modélisée initial par navire d'une flottille - métier";"Production";"f__Antea";"m__Chalut_fond_GLY";"e__INO";"0";"ratio des rejets totaux de l'esp";"source carrejet, obsmer"
"v__dst_f_m_e";"1984";"Taux de rejets sous taille dans les rejets esp non modélisée initial par navire d'une flottille - métier";"Production";"f__Antea";"m__Chalut_fond_GLY";"e__TUL";"0";"ratio des rejets totaux de l'esp";"source carrejet, obsmer"
"v__dst_f_m_e";"1984";"Taux de rejets sous taille dans les rejets esp non modélisée initial par navire d'une flottille - métier";"Production";"f__Antea";"m__Chalut_fond_GLY";"e__PAM";"0";"ratio des rejets totaux de l'esp";"source carrejet, obsmer"
"v__dst_f_m_e";"1984";"Taux de rejets sous taille dans les rejets esp non modélisée initial par navire d'une flottille - métier";"Production";"f__Antea";"m__Chalut_fond_GLY";"e__MON";"0";"ratio des rejets totaux de l'esp";"source carrejet, obsmer"
"v__dst_f_m_e";"1984";"Taux de rejets sous taille dans les rejets esp non modélisée initial par navire d'une flottille - métier";"Production";"f__Antea";"m__Chalut_fond_GLY";"e__OED";"0";"ratio des rejets totaux de l'esp";"source carrejet, obsmer"
"v__dst_f_m_e";"1984";"Taux de rejets sous taille dans les rejets esp non modélisée initial par navire d'une flottille - métier";"Production";"f__Antea";"m__Chalut_fond_GLY";"e__HAY";"0";"ratio des rejets totaux de l'esp";"source carrejet, obsmer"
"v__dst_f_m_e";"1984";"Taux de rejets sous taille dans les rejets esp non modélisée initial par navire d'une flottille - métier";"Production";"f__Antea";"m__Chalut_fond_GLY";"e__FET";"0";"ratio des rejets totaux de l'esp";"source carrejet, obsmer"
"v__dst_f_m_e";"1984";"Taux de rejets sous taille dans les rejets esp non modélisée initial par navire d'une flottille - métier";"Production";"f__Antea";"m__Chalut_fond_GLY";"e__RHO";"0";"ratio des rejets totaux de l'esp";"source carrejet, obsmer"
"v__dst_f_m_e";"1984";"Taux de rejets sous taille dans les rejets esp non modélisée initial par navire d'une flottille - métier";"Production";"f__Antea";"m__Chalut_fond_GLY";"e__IPH";"0";"ratio des rejets totaux de l'esp";"source carrejet, obsmer"
"v__dst_f_m_e";"1984";"Taux de rejets sous taille dans les rejets esp non modélisée initial par navire d'une flottille - métier";"Production";"f__Antea";"m__Chalut_fond_GLY";"e__THY";"0";"ratio des rejets totaux de l'esp";"source carrejet, obsmer"
"v__dst_f_m_e";"1984";"Taux de rejets sous taille dans les rejets esp non modélisée initial par navire d'une flottille - métier";"Production";"f__Antea";"m__Chalut_fond_GLY";"e__OCH";"0";"ratio des rejets totaux de l'esp";"source carrejet, obsmer"
"v__dst_f_m_e";"1984";"Taux de rejets sous taille dans les rejets esp non modélisée initial par navire d'une flottille - métier";"Production";"f__Antea";"m__Chalut_fond_GLY";"e__VAU";"0";"ratio des rejets totaux de l'esp";"source carrejet, obsmer"
"v__dst_f_m_e";"1984";"Taux de rejets sous taille dans les rejets esp non modélisée initial par navire d'une flottille - métier";"Production";"f__Antea";"m__Chalut_fond_GLY";"e__ZZZ";"0";"ratio des rejets totaux de l'esp";"source carrejet, obsmer"
"v__lcd_f_m";"1984";"Coût de débarquement des rejets sous taille par navire d'une flottille - métier";"Cout Variable";"f__Antea";"m__Chalut_fond_DP";"";"0";"ratio du CA";"couts de débarquements compris dans autres couts variable"
"v__lcd_f_m";"1984";"Coût de débarquement des rejets sous taille par navire d'une flottille - métier";"Cout Variable";"f__Antea";"m__Chalut_fond_GLY";"";"0";"ratio du CA";"couts de débarquements compris dans autres couts variable"
"v__lc_f_m";"1984";"Coût de débarquement par navire d'une flottille - métier";"Cout Variable";"f__Antea";"m__Chalut_fond_DP";"";"0";"ratio du CA";"couts de débarquements compris dans autres couts variable"
"v__lc_f_m";"1984";"Coût de débarquement par navire d'une flottille - métier";"Cout Variable";"f__Antea";"m__Chalut_fond_GLY";"";"0";"ratio du CA";"couts de débarquements compris dans autres couts variable"
"v__H_f";"1984";"Capacité de cale par flottille";"Contraintes";"f__Antea";"";"";"2467980";"kg";"Sacrois"
"v__effort1_f";"1984";"Nombre moyen de Marées par navire d'une flottille par an";"activité";"f__Antea";"";"";"30";"marees";"sacrois"
"v__effort1_f_m";"1984";"Nombre moyen de Marées par navire d'une flottille - métier par an";"activité";"f__Antea";"m__Chalut_fond_DP";"";"28";"marees";"sacrois"
"v__effort1_f_m";"1984";"Nombre moyen de Marées par navire d'une flottille - métier par an";"activité";"f__Antea";"m__Chalut_fond_GLY";"";"23";"marees";"sacrois"
"v__effort2_f";"1984";"Durée moyenne d'une marée par navire d'une flottille par an";"activité";"f__Antea";"";"";"255.327826086957";"heures";"sacrois"
"v__effort2_f_m";"1984";"Durée moyenne d'une marée par navire d'une flottille - métier par an";"activité";"f__Antea";"m__Chalut_fond_DP";"";"118.257481953648";"heures";"sacrois"
"v__effort2_f_m";"1984";"Durée moyenne d'une marée par navire d'une flottille - métier par an";"activité";"f__Antea";"m__Chalut_fond_GLY";"";"189.070664691589";"heures";"sacrois"
"v__Emax_nbds_f";"1984";"max du jdm observé sur les navires de la flottille";"Contraintes";"f__Antea";"";"";"333";"jours/an";"Sacrois"
"v__Emax_nbTrip_f";"1984";"max du nombre moyen de marées observé sur les navires de la flottille";"Contraintes";"f__Antea";"";"";"30";"marées/an";"Sacrois"
" v__effort1max_f";"1984";"max du nombre moyen de marées observé sur les navires de la flottille";"Contraintes";"f__Antea";"";"";"30";"marées/an";"Sacrois"
"v__fc_f";"1984";"Coûts du carburant par navire d'une flottille";"Cout Variable";"f__Antea";"";"";"565261.66524";"€/an";"fuel cost flottille / CA flottille * CA navire"
"v__fc_f_m";"1984";"Coûts du carburant par navire d'une flottille - métier";"Cout Variable";"f__Antea";"m__Chalut_fond_DP";"";"243471.190875732";"€/an";"cout. carbu nav / jmer nav * jmer nav-métier"
"v__fc_f_m";"1984";"Coûts du carburant par navire d'une flottille - métier";"Cout Variable";"f__Antea";"m__Chalut_fond_GLY";"";"321790.474364268";"€/an";"cout. carbu nav / jmer nav * jmer nav-métier"
"v__vf_f";"1984";"Prix du carburant par navire d'une flottille";"Cout Variable";"f__Antea";"";"";"0.47";"€/l";"donnée experte"
"v__vf_f_m";"1984";"Prix du carburant par navire d'une flottille - métier";"Cout Variable";"f__Antea";"m__Chalut_fond_DP";"";"0.47";"€/l";"donnée experte"
"v__vf_f_m";"1984";"Prix du carburant par navire d'une flottille - métier";"Cout Variable";"f__Antea";"m__Chalut_fond_GLY";"";"0.47";"€/l";"donnée experte"
"v__ovcDCF_f";"1984";"Autres coûts variables par navire d'une flottille";"Cout Variable";"f__Antea";"";"";"376841.11016";"€/an";"couts variables flottile / CA flottille * CA navire"
"v__ovcDCF_f_m";"1984";"Autres coûts variables par navire d'une flottille - métier";"Cout Variable";"f__Antea";"m__Chalut_fond_DP";"";"162314.127250488";"€/an";"cout. var nav / jmer nav * jmer nav-métier"
"v__ovcDCF_f_m";"1984";"Autres coûts variables par navire d'une flottille - métier";"Cout Variable";"f__Antea";"m__Chalut_fond_GLY";"";"214526.982909512";"€/an";"cout. var nav / jmer nav * jmer nav-métier"
"v__cshr_f";"1984";"Part équipage (ratio du RAP) par navire d'une flottille";"";"f__Antea";"";"";"0.448859093588178";"% du RAP";" couts equip. /(CA - coûts carbu. - autres coûts variables)"
"v__cshr_f_m";"1984";"Part équipage (ratio du RAP) par navire d'une flottille - métier";"";"f__Antea";"m__Chalut_fond_DP";"";"0.448859093588178";"% du RAP";"donnée experte"
"v__cshr_f_m";"1984";"Part équipage (ratio du RAP) par navire d'une flottille - métier";"";"f__Antea";"m__Chalut_fond_GLY";"";"0.448859093588178";"% du RAP";"donnée experte"
"v__rep_f";"1984";"Coûts entretien et réparation";"Cout Fixe";"f__Antea";"";"";"9371443.3974";"euros/an";"donnée éco DCF actualisée sur CA Sacrois"
"v__fixc_f";"1984";"Coûts non variables";"Cout Fixe";"f__Antea";"";"";"13387776.282";"euros/an";"donnée éco DCF actualisée sur CA Sacrois"
"v__dep_f";"1984";"Amortissement total";"Cout Fixe";"f__Antea";"";"";"7043862.85714285";"euros/an";"estimation methode PIM - Donnees DPMA"
"v__ic_f";"1984";"Intérêt";"Cout Fixe";"f__Antea";"";"";"1565625.6";"euros/an";"valeur estimee du capital a la construction par methode PIM * taux d'intérêt à long terme moyen 2012-2016 (1.54%)"
"v__K_f";"1984";"Valeur d'assurance";"";"f__Antea";"";"";"101664000";"euros";"estimation de la valeur du navire a la construction par méthode PIM"
"v__persc_f";"1984";"Coûts de personnel";"Cout Fixe";"f__Antea";"";"";"25972285.98708";"euros/an";"donnée éco DCF actualisée sur CA Sacrois"
"v__eec_f";"1984";"cotisations salariales totales par navire";"";"f__Antea";"";"";NA;"";"expert"
"v__inv_f";"1984";"coût d'investissement annuel par navire";"";"f__Antea";"";"";"195662.857142857";"euros/an";"investissement à hauteur de la perte de valeur du capital (dep_f)"
"v__gc_f";"1984";"coût total engins par navire";"";"f__Antea";"";"";"0";"";"expert"
"v__mwh_f";"1984";"Salaire brut horaire minimum national";"";"f__Antea";"";"";"9.67";"euros/h";"donnée externe 2016"
"v__dr_f";"1984";"taux d'actualisation";"";"f__Antea";"";"";"0";"%";"données externes"
